Sigma;Epsilon
118.300006;0.036
145.9;0.0395
169.60001;0.0435
218.9;0.05
317.9;0.0615
696.8;0.093
897.799969;0.104
1097.5;0.114
1298;0.1215
1497;0.128
