Smp;EGE;Sand;Silt;Clay;PI;ACT
GJ6874;7;19.18321931;57.64716858;23.2;23.5;1.01
GJ6898;7;21.56453169;59.19625965;19.2;20.8;1.08